,Unnamed: 0,Before (test_4),After (test_5),Test_6
0,0,biscuits,biscuits,biscuits
1,1,all-purpose flour,all-purpose flour,all-purpose flour
2,2,baking powder,baking powder,baking powder
3,3,salt,salt,salt
4,4,cup) cold butter,butter,butter
5,5,butermilk,butermilk,butermilk
6,6,sausage gravy,sausage,sausage
7,7,breakfast sausage,sausage,sausage
8,8,all-purpose flour,all-purpose flour,all-purpose flour
9,9,milk,milk,milk
10,10,seasoned salt,salt,salt
11,11,black pepper,black pepper,black pepper
12,12,dinner rolls or small sandwich buns (i used whole wheat),sandwich,sandwich
13,13,thinly shaved roast beef or ham (or both!),beef,beef
14,14,cheese (provolone,provolone,provolone
15,15,mayonnaise,mayonnaise,mayonnaise
16,16,grated onion (or dried onion flakes)),onion,onion
17,17,poppy seeds,poppy seeds,poppy seeds
18,18,spicy mustard,mustard,mustard
19,19,horseradish mayo or straight prepared horseradish,horseradish,horseradish
20,20,of worcestershire,of worcestershire,worcestershire
21,21,optional dressing ingredients,dressing,dressing
22,22,dressing,dressing,dressing
23,23,cumin seeds,cumin seeds,cumin seeds
24,24,extra virgin olive oil,olive oil,olive oil
25,25,fresh lemon juice,lemon juice,lemon juice
26,26,honey,honey,honey
27,27,fine sea salt,salt,salt
28,28,cayenne pepper,cayenne pepper,cayenne pepper
29,29,carrots,carrots,carrots
30,30,cooked chickpeas (or one - can,cooked chickpeas (or one - can,cooked chickpeas
31,31,dried pluots,dried pluots,dried pluots
32,32,fresh mint,mint,mint
33,33,for serving,for serving,for serving
34,34,biscuits,biscuits,biscuits
35,35,all-purpose flour,all-purpose flour,all-purpose flour
36,36,baking powder,baking powder,baking powder
37,37,sugar,sugar,sugar
38,38,salt,salt,salt
39,39,cup) cold butter,butter,butter
40,40,buttermilk,buttermilk,buttermilk
41,41,almond extract (optional),almond,almond
42,42,berries,berries,berries
43,43,mixed berries and/or sliced strawberries,strawberries,strawberries
44,44,sugar,sugar,sugar
45,45,zest and juice of small orange,orange,orange
46,46,sweet yogurt cream,yogurt,yogurt
47,47,ounces) plain greek yogurt,yogurt,yogurt
48,48,cold heavy cream,cream,cream
49,49,sugar,sugar,sugar
50,50,brown sugar,brown sugar,brown sugar
51,51,for each bowl,for each bowl,for each bowl
52,52,a big of greek yogurt,yogurt,yogurt
53,53,fresh pomegranate juice,pomegranate juice,pomegranate juice
54,54,a of honey,honey,honey
55,55,a of puffed quinoa crisps (or other cereal/granola),quinoa,quinoa
56,56,sprinkling of toasted sunflower seeds,sunflower seeds,sunflower seeds
57,57,optional,optional,optional
58,58,butter,butter,butter
59,59,ounces) mini marshmallows,marshmallows,marshmallows
60,60,rice krispies,rice krispies,rice krispies
61,61,assorted sprinkles,assorted sprinkles,assorted sprinkles
62,62,small chocolate easter eggs,chocolate,chocolate
63,63,plastic easter eggs,eggs,eggs
64,64,spinach,spinach,spinach
65,65,kamut,kamut,kamut
66,66,sunflower seeds,sunflower seeds,sunflower seeds
67,67,feta,feta,feta
68,68,fresh squeezed orange juice (app oranges),orange juice,orange juice
69,69,walnut oil,walnut oil,walnut oil
70,70,honey,honey,honey
71,71,red chili flakes,red chili flakes,red chili flakes
72,72,medium russet potatoes to ),potatoes,potatoes
73,73,salt and pepper,pepper,pepper
74,74,large eggs,eggs,eggs
75,75,non-stick cooking spray,non-stick cooking spray,non-stick cooking spray
76,76,fresh thyme leaves,thyme,thyme
77,77,ground sumac,ground sumac,ground sumac
78,78,scant fine sea salt,salt,salt
79,79,toasted sesame seeds,sesame seeds,sesame seeds
80,80,wheat pastry flour,pastry,pastry
81,81,roasted and unsalted shelled pistachios,roasted and unsalted shelled pistachios,roasted and unsalted shelled pistachios
82,82,baking powder,baking powder,baking powder
83,83,baking soda,soda,soda
84,84,sea salt,salt,salt
85,85,milk,milk,milk
86,86,eggs,eggs,eggs
87,87,coconut oil,coconut oil,coconut oil
88,88,honey,honey,honey
89,89,chocolate chips,chocolate,chocolate
90,90,fully cooked bone-in ham pounds),ham,ham
91,91,,,nan
92,92,brown sugar,brown sugar,brown sugar
93,93,spicy brown mustard,mustard,mustard
94,94,dr pepper or coke,dr pepper,dr pepper
95,95,apple cider vinegar,vinegar,vinegar
96,96,sugar,sugar,sugar
97,97,water,water,water
98,98,juice of orange,orange,orange
99,99,zest of orange,orange,orange
100,100,vanilla beans,vanilla,vanilla
101,101,strawberries,strawberries,strawberries
102,102,blueberries,blueberries,blueberries
103,103,red grapes,grapes,grapes
104,104,green grapes,grapes,grapes
105,105,mint leaves,mint,mint
106,106,tart dough,tart dough,tart dough
107,107,all-purpose flour,all-purpose flour,all-purpose flour
108,108,salt,salt,salt
109,109,sugar,sugar,sugar
110,110,tbsp) cold butter,butter,butter
111,111,large egg yolk,egg,egg
112,112,heavy cream,cream,cream
113,113,vanilla,vanilla,vanilla
114,114,chocolate bottom,chocolate,chocolate
115,115,heavy cream,cream,cream
116,116,bittersweet chocolate,chocolate,chocolate
117,117,pumpkin filling,pumpkin,pumpkin
118,118,canned pumpkin pur’e,pumpkin,pumpkin
119,119,granulated sugar,sugar,sugar
120,120,ground cinnamon,cinnamon,cinnamon
121,121,ground allspice,allspice,allspice
122,122,ground,ground,ground
123,123,ground nutmeg,nutmeg,nutmeg
124,124,heavy cream,cream,cream
125,125,large eggs,eggs,eggs
126,126,cornstarch,cornstarch,cornstarch
127,127,bittersweet chocolate,chocolate,chocolate
128,128,milk,milk,milk
129,129,unsalted butter,butter,butter
130,130,unbleached all-purpose flour,all-purpose flour,all-purpose flour
131,131,fine grain sea salt,salt,salt
132,132,baking powder,baking powder,baking powder
133,133,raw,raw,raw
134,134,toasted sesame seeds,sesame seeds,sesame seeds
135,135,toasted sunflower seeds,sunflower seeds,sunflower seeds
136,136,large eggs,eggs,eggs
137,137,″ tortillas (i used sprouted grain tortillas from wf),tortillas,tortillas
138,138,olive oil,olive oil,olive oil
139,139,garlic,garlic,garlic
140,140,cheese,cheese,cheese
141,141,black beans,black beans,black beans
142,142,spinach,spinach,spinach
143,143,juice from lime,juice,juice
144,144,cilantro,cilantro,cilantro
145,145,a few of hot sauce,sauce,sauce
146,146,hard boiled eggs,eggs,eggs
147,147,mayonnaise,mayonnaise,mayonnaise
148,148,grainy dijon mustard,dijon mustard,dijon mustard
149,149,salt and pepper,pepper,pepper
150,150,several worcestershire sauce,worcestershire sauce,worcestershire sauce
151,151,leftover baked ham,ham,ham
152,152,kaiser rolls or other bread,bread,bread
153,153,extra mayonnaise and dijon,mayonnaise,mayonnaise
154,154,swiss cheese or other cheese slices,cheese,cheese
155,155,thinly sliced red onion,red onion,red onion
156,156,avocado slices,avocado,avocado
157,157,sliced tomatoes,tomatoes,tomatoes
158,158,lettuce,lettuce,lettuce
159,159,olive oil or clarified butter,clarified butter,clarified butter
160,160,of kale,of kale,kale
161,161,cooked brown rice,brown rice,brown rice
162,162,to serve,to serve,to serve
163,163,#NAME?,#NAME?,capers
164,164,#NAME?,egg,egg
165,165,#NAME?,yogurt,yogurt
166,166,#NAME?,olive oil,olive oil
167,167,- lot's of za'atar,- lot's of za'atar,za'atar
168,168,#NAME?,sesame seeds,sesame seeds
169,169,masa harina,masa harina,masa harina
170,170,baking powder,baking powder,baking powder
171,171,sea salt,salt,salt
172,172,mexican oregano,oregano,oregano
173,173,warm water,water,water
174,174,melted coconut oil,coconut oil,coconut oil
175,175,olive oil,olive oil,olive oil
176,176,medium red onion,red onion,red onion
177,177,large sweet potato,sweet potato,sweet potato
178,178,chipotle peppers in adobo sauce,chipotle,chipotle
179,179,adobo sauce,sauce,sauce
180,180,juice from one lime,juice,juice
181,181,black beans,black beans,black beans
182,182,salt,salt,salt
183,183,spinach,spinach,spinach
184,184,cilantro,cilantro,cilantro
185,185,corn husk,corn,corn
186,186,sauce,sauce,sauce
187,187,olive oil,olive oil,olive oil
188,188,garlic,garlic,garlic
189,189,tomato sauce,tomato sauce,tomato sauce
190,190,chipotle peppers in adobo sauce,chipotle,chipotle
191,191,adobo sauce,sauce,sauce
192,192,salt,salt,salt
193,193,cilantro,cilantro,cilantro
194,194,of butter,butter,butter
195,195,of cinnamon raisin bread,cinnamon,cinnamon
196,196,eggs beaten,eggs,eggs
197,197,½ of international delight cinnabon,½ of international delight cinnabon,international delight cinnabon
198,198,small russet potatoes,potatoes,potatoes
199,199,canola oil,canola oil,canola oil
200,200,butter,butter,butter
201,201,kosher salt,salt,salt
202,202,jarred marinara or pizza sauce,marinara,marinara
203,203,grated mozzarella cheese,mozzarella,mozzarella
204,204,diced pepperoni,diced pepperoni,diced pepperoni
205,205,minced fresh parsley,parsley,parsley
206,206,miscellaneous pizza toppings,pizza,pizza
207,207,unsalted butter,butter,butter
208,208,sugar,sugar,sugar
209,209,all purpose flour,flour,flour
210,210,cornstarch,cornstarch,cornstarch
211,211,baking powder,baking powder,baking powder
212,212,salt,salt,salt
213,213,egg,egg,egg
214,214,egg yolk,egg,egg
215,215,vanilla extract,vanilla,vanilla
216,216,filling,filling,filling
217,217,store bought dulce de leche or here is a recipe for making your own,store bought dulce de leche or here is a recipe for making your own,store bought dulce de leche or here is a recipe for making your own
218,218,other easier options are just to use nutella or biscotti,nutella,nutella
219,219,powdered sugar for dusting,sugar,sugar
220,220,thick slice country bread,bread,bread
221,221,aged red vine vinegar,vinegar,vinegar
222,222,garlic,garlic,garlic
223,223,fine grain sea salt,salt,salt
224,224,marjoram leaves,marjoram,marjoram
225,225,capers,capers,capers
226,226,pine nuts or walnuts,pine nuts,pine nuts
227,227,finely chopped parsley,parsley,parsley
228,228,pitted green olives,olives,olives
229,229,olive oil,olive oil,olive oil
230,230,head green cabbage,cabbage,cabbage
231,231,carrots,carrots,carrots
232,232,green onions,onions,onions
233,233,juice from large lime,juice,juice
234,234,cilantro,cilantro,cilantro
235,235,rice paper wrappers,rice,rice
236,236,heavy cream,cream,cream
237,237,kahlua,kahlua,kahlua
238,238,egg &amp egg yolk,egg,egg
239,239,semi sweet chocolate chips,chocolate,chocolate
240,240,celery stalks,celery,celery
241,241,chickpeas (equivalent -ounce can),chickpeas (equivalent -ounce can),chickpeas
242,242,arugula or shredded romaine lettuce,lettuce,lettuce
243,243,toasted pepitas or almonds,almonds,almonds
244,244,black olives,olives,olives
245,245,small red onion,red onion,red onion
246,246,small head of broccoli florets,broccoli,broccoli
247,247,creamy miso dressing,dressing,dressing
248,248,medium garlic,garlic,garlic
249,249,white miso,miso,miso
250,250,mirin,mirin,mirin
251,251,brown rice vinegar,brown rice,brown rice
252,252,big of ground cumin,cumin,cumin
253,253,plain yogurt,yogurt,yogurt
254,254,heavy cream,cream,cream
255,255,small ripe avocado,avocado,avocado
256,256,coconut oil,coconut oil,coconut oil
257,257,shallot,shallot,shallot
258,258,garlic cloves,cloves,cloves
259,259,chopped kale,chopped kale,chopped kale
260,260,dry white wine (,white wine,white wine
261,261,nonfat greek yogurt,yogurt,yogurt
262,262,fat free sour cream,sour cream,sour cream
263,263,grated parmesan,parmesan,parmesan
264,264,chopped (canned) artichoke hearts,artichoke,artichoke
265,265,diced water chestnuts,water chestnuts,water chestnuts
266,266,green onion,green,green
267,267,lemon,lemon,lemon
268,268,dry mustard,mustard,mustard
269,269,crushed red pepper flakes,red pepper,red pepper
270,270,cumin,cumin,cumin
271,271,ground ginger,ginger,ginger
272,272,salt and pepper to taste,pepper,pepper
273,273,eggs,eggs,eggs
274,274,good-quality dark chocolate,chocolate,chocolate
275,275,water,water,water
276,276,fine grain sugar,sugar,sugar
277,277,unsalted butter,butter,butter
278,278,fine grain sea salt,salt,salt
279,279,to top,to top,to top
280,280,large beets,large beets,large beets
281,281,olive oil,olive oil,olive oil
282,282,salt,salt,salt
283,283,blue cheese crumbles,cheese,cheese
284,284,olive oil,olive oil,olive oil
285,285,honey,honey,honey
286,286,lemon juice,lemon juice,lemon juice
287,287,orzo,orzo,orzo
288,288,lettuce,lettuce,lettuce
289,289,walnuts,walnuts,walnuts
290,290,crust,crust,crust
291,291,of melted butter,butter,butter
292,292,oz) of girl scout cookies trefils (traditional shortbread cookies),shortbread,shortbread
293,293,filling,filling,filling
294,294,oz) of girl scout cookies samoas (chewy and rich),oz) of girl scout cookies samoas (chewy and rich),girl scout cookies samoas
295,295,of semi sweet chocolate chips,chocolate,chocolate
296,296,of unsweetened shredded coconut,coconut,coconut
297,297,of caramel sauce (recipe below),caramel,caramel
298,298,sweet potato,sweet potato,sweet potato
299,299,olive oil,olive oil,olive oil
300,300,cumin,cumin,cumin
301,301,salt and pepper,pepper,pepper
302,302,corn,corn,corn
303,303,frozen spinach,spinach,spinach
304,304,of black beans,of black beans,black beans
305,305,jar of salsa jar),salsa,salsa
306,306,of pepper jack cheese,pepper,pepper
307,307,of wheat tortillas ),tortillas,tortillas
308,308,refried beans,refried beans,refried beans
309,309,cumin (optional),cumin,cumin
310,310,salt and pepper,pepper,pepper
311,311,flour tortillas,tortillas,tortillas
312,312,cheese,cheese,cheese
313,313,jar of salsa (using a jar),salsa,salsa
314,314,wheat pastry flour,pastry,pastry
315,315,unbleached all-purpose flour,all-purpose flour,all-purpose flour
316,316,firmly packed brown sugar,brown sugar,brown sugar
317,317,fine grain sea salt,salt,salt
318,318,baking soda,soda,soda
319,319,baking powder,baking powder,baking powder
320,320,mashed,mashed,mashed
321,321,buttermilk,buttermilk,buttermilk
322,322,large eggs,eggs,eggs
323,323,vanilla extract,vanilla,vanilla
324,324,unsalted butter,butter,butter
325,325,berries,berries,berries
326,326,rose cinnamon sugar,cinnamon,cinnamon
327,327,lb asparagus,asparagus,asparagus
328,328,green onions,onions,onions
329,329,olive oil,olive oil,olive oil
330,330,large eggs,eggs,eggs
331,331,milk,milk,milk
332,332,sea salt,salt,salt
333,333,black pepper,black pepper,black pepper
334,334,crumbled blue cheese,cheese,cheese
335,335,blue cheese for topping,cheese,cheese
336,336,greens from green onions,onions,onions
337,337,vodka,vodka,vodka
338,338,kahlua,kahlua,kahlua
339,339,international delight french vanilla creamer (or you use milk or and half),vanilla,vanilla
340,340,small head of cauliflower,cauliflower,cauliflower
341,341,basil,basil,basil
342,342,oregano,oregano,oregano
343,343,parsley,parsley,parsley
344,344,salt,salt,salt
345,345,manchengo sheep milk cheese (or mozzarella),mozzarella,mozzarella
346,346,eggs,eggs,eggs
347,347,cornmeal,cornmeal,cornmeal
348,348,jar marinara or pizza sauce,marinara,marinara
349,349,sheep milk cheese,cheese,cheese
350,350,basil leaves,basil,basil
351,351,medium sweet potato,sweet potato,sweet potato
352,352,medium onion,onion,onion
353,353,greek yogurt (or cup heavy cream),yogurt,yogurt
354,354,,,nan
355,355,,,nan
356,356,juice from lemon,juice,juice
357,357,olive oil,olive oil,olive oil
358,358,minced parsley,parsley,parsley
359,359,goat cheese,cheese,cheese
360,360,chickpeas,chickpeas,chickpeas
361,361,spinach,spinach,spinach
362,362,oats (not instant),oats (not instant),oats
363,363,milk,milk,milk
364,364,plain yogurt,yogurt,yogurt
365,365,honey (optional),honey,honey
366,366,chopped raspberries,raspberries,raspberries
367,367,chopped strawberries,strawberries,strawberries
368,368,additional berries for topping,berries,berries
369,369,cups) blanched almonds,almonds,almonds
370,370,large eggs,eggs,eggs
371,371,superfine sugar,sugar,sugar
372,372,grated zest of orange,orange,orange
373,373,grated zest of lemon,lemon,lemon
374,374,drops almond extract,almond,almond
375,375,confectioners’ sugar for dusting,sugar,sugar
376,376,40ml parts) irish whiskey,40ml parts) irish whiskey,irish whiskey
377,377,80ml parts) cold coffee or international delight light iced coffee,coffee,coffee
378,378,30ml parts) fresh cream,cream,cream
379,379,brown sugar or honey (if using international delight eliminate the sugar/honey),brown sugar,brown sugar
380,380,scallions,scallions,scallions
381,381,medium shallots,shallots,shallots
382,382,grated,grated,grated
383,383,scant fine grain sea salt,salt,salt
384,384,good sunflower or olive oil,olive oil,olive oil
385,385,extra-firm tofu,tofu,tofu
386,386,dried soba noodles,noodles,noodles
387,387,radish,radish,radish
388,388,toasted pine nuts,pine nuts,pine nuts
389,389,of chives,chives,chives
390,390,potatoes,potatoes,potatoes
391,391,olive oil,olive oil,olive oil
392,392,seasoning or hidden valley ranch seasoning,seasoning or hidden valley ranch seasoning,seasoning or hidden valley ranch seasoning
393,393,almonds,almonds,almonds
394,394,cashews,cashews,cashews
395,395,unsweetened shredded coconut,coconut,coconut
396,396,medjool dates,dates,dates
397,397,honey,honey,honey
398,398,coconut oil,coconut oil,coconut oil
399,399,salt,salt,salt
400,400,plain full-fat yogurt,yogurt,yogurt
401,401,fine grain sea salt,salt,salt
402,402,french toast,toast,toast
403,403,butter,butter,butter
404,404,crusty sourdough or french bread,sourdough,sourdough
405,405,eggs,eggs,eggs
406,406,milk,milk,milk
407,407,heavy cream,cream,cream
408,408,sugar,sugar,sugar
409,409,brown sugar,brown sugar,brown sugar
410,410,vanilla extract,vanilla,vanilla
411,411,topping,topping,topping
412,412,flour,flour,flour
413,413,firmly packed brown sugar,brown sugar,brown sugar
414,414,cinnamon,cinnamon,cinnamon
415,415,salt,salt,salt
416,416,freshly grated nutmeg,nutmeg,nutmeg
417,417,cold butter,butter,butter
418,418,warm syrup,syrup,syrup
419,419,butter,butter,butter
420,420,fresh blueberries,blueberries,blueberries
421,421,zucchini (medium sized),zucchini (medium sized),zucchini
422,422,olive oil,olive oil,olive oil
423,423,kosher salt,salt,salt
424,424,black pepper,black pepper,black pepper
425,425,lemons,lemons,lemons
426,426,kosher salt (additional),salt,salt
427,427,extra olive oil if needed for brushing,olive oil,olive oil
428,428,hotel butter,butter,butter
429,429,salted butter,butter,butter
430,430,finely minced parsley,parsley,parsley
431,431,lemon,lemon,lemon
432,432,optional,optional,optional
433,433,steaks,steaks,steaks
434,434,steaks (ribeye,steaks (ribeye,steaks
435,435,salt and pepper,pepper,pepper
436,436,butter,butter,butter
437,437,milk,milk,milk
438,438,#NAME?,yeast,yeast
439,439,sugar,sugar,sugar
440,440,all-purpose flour plus more for surface and hands,all-purpose flour,all-purpose flour
441,441,kosher salt plus more,salt,salt
442,442,small onion,onion,onion
443,443,whole-milk yogurt (not greek),yogurt,yogurt
444,444,melted ghee (clarified butter) or vegetable oil plus more,clarified butter,clarified butter
445,445,graham cracker squares (two single rectangular pieces still stuck together),graham cracker squares (two single rectangular pieces still stuck together),graham cracker squares
446,446,container ounce) marshmallow creme,marshmallow,marshmallow
447,447,chocolate almond barn or other melting chocolate,chocolate,chocolate
448,448,chopped nuts,chopped nuts,chopped nuts
449,449,limes,limes,limes
450,450,coarse sugar (decorator's sugar),sugar,sugar
451,451,jars ounce) mango chunks,mango,mango
452,452,tequila,tequila,tequila
453,453,triple sec,triple sec,triple sec
454,454,sugar,sugar,sugar
455,455,olive oil,olive oil,olive oil
456,456,chuck roasts to each),chuck roasts to each),
457,457,salt and pepper,pepper,pepper
458,458,ounces,ounces,ounces
459,459,crushed tomatoes,tomatoes,tomatoes
460,460,jar ounce) pepperoncinis,jar ounce) pepperoncinis,pepperoncinis
461,461,jar ounce) hot cherry peppers,peppers,peppers
462,462,jars each) pimentos,jars each) pimentos,pimentos
463,463,buttered,buttered,buttered
464,464,provolone or mozzarella cheese,mozzarella,mozzarella
465,465,-ounce beef filet steaks inches thick (or any small/petite steak),steak,steak
466,466,cajun seasoning,cajun seasoning,cajun seasoning
467,467,butter,butter,butter
468,468,olive oil,olive oil,olive oil
469,469,jumbo shrimp,jumbo shrimp,jumbo shrimp
470,470,small red onion,red onion,red onion
471,471,green bell pepper,bell pepper,bell pepper
472,472,red bell pepper,bell pepper,bell pepper
473,473,garlic,garlic,garlic
474,474,white wine,white wine,white wine
475,475,low-sodium chicken broth (more to taste),chicken,chicken
476,476,heavy cream,cream,cream
477,477,parmesan cheese,parmesan,parmesan
478,478,tomatoes,tomatoes,tomatoes
479,479,minced parsley,parsley,parsley
480,480,fettuccine,fettuccine,fettuccine
481,481,garlic cloves,cloves,cloves
482,482,finely grated peeled ginger,ginger,ginger
483,483,ground turmeric,turmeric,turmeric
484,484,garam masala,garam masala,garam masala
485,485,ground coriander,coriander,coriander
486,486,ground cumin,cumin,cumin
487,487,whole-milk yogurt (not greek),yogurt,yogurt
488,488,kosher salt,salt,salt
489,489,skinless,skinless,skinless
490,490,ghee (clarified butter) or vegetable oil,clarified butter,clarified butter
491,491,small onion,onion,onion
492,492,tomato paste,tomato,tomato
493,493,cardamom pods,cardamom,cardamom
494,494,dried chiles de árbol or crushed red pepper flakes,red pepper,red pepper
495,495,#NAME?,tomatoes,tomatoes
496,496,heavy cream,cream,cream
497,497,chopped fresh cilantro plus sprigs for garnish,chopped fresh cilantro plus sprigs for garnish,chopped fresh cilantro plus sprigs for garnish
498,498,steamed basmati rice (for serving),rice,rice
499,499,lb. beef tenderloin inches long (the thick end of a tenderloin),beef,beef
500,500,strips thick pepper bacon,pepper,pepper
501,501,small onion,onion,onion
502,502,garlic,garlic,garlic
503,503,sprigs fresh rosemary,rosemary,rosemary
504,504,beef stock,beef stock,beef stock
505,505,balsamic vinegar,balsamic vinegar,balsamic vinegar
506,506,tb. dijon mustard,dijon mustard,dijon mustard
507,507,tb. sugar,sugar,sugar
508,508,tb. four,tb. four,tb. four
509,509,salt and pepper,pepper,pepper
510,510,cake,cake,cake
511,511,sugar,sugar,sugar
512,512,vegetable oil,vegetable oil,vegetable oil
513,513,eggs,eggs,eggs
514,514,all-purpose flour,all-purpose flour,all-purpose flour
515,515,baking powder,baking powder,baking powder
516,516,baking soda,soda,soda
517,517,ground cinnamon,cinnamon,cinnamon
518,518,salt,salt,salt
519,519,grated carrots,carrots,carrots
520,520,butter,butter,butter
521,521,icing,icing,icing
522,522,butter,butter,butter
523,523,ounce) cream cheese,cheese,cheese
524,524,powdered sugar,sugar,sugar
525,525,vanilla,vanilla,vanilla
526,526,pecans,pecans,pecans
527,527,butter,butter,butter
528,528,sugar,sugar,sugar
529,529,eggs,eggs,eggs
530,530,musselman's apple butter,butter,butter
531,531,oz. porter or stout beer (dark),stout,stout
532,532,tb. molasses,molasses,molasses
533,533,all purpose flour,flour,flour
534,534,tb. baking powder,baking powder,baking powder
535,535,tsp. salt,salt,salt
536,536,ground beef (i used ground round),beef,beef
537,537,olive oil,olive oil,olive oil
538,538,large yellow onions,onions,onions
539,539,green bell pepper,bell pepper,bell pepper
540,540,garlic,garlic,garlic
541,541,white wine (or low sodium beef broth if you prefer),white wine,white wine
542,542,crushed tomatoes,tomatoes,tomatoes
543,543,ounce) crushed tomatoes,tomatoes,tomatoes
544,544,(small -ounce) tomato paste,tomato,tomato
545,545,jar good storebought marinara sauce (can use another jar if you like the sauce to be more saucy than meaty),marinara,marinara
546,546,ground oregano,oregano,oregano
547,547,ground thyme,thyme,thyme
548,548,bay leaves,bay leaves,bay leaves
549,549,sugar,sugar,sugar
550,550,kosher salt,salt,salt
551,551,crushed red pepper (optional),red pepper,red pepper
552,552,finely minced fresh parsley (or parsley flakes),parsley,parsley
553,553,rind from one wedge parmesan (optional),parmesan,parmesan
554,554,grated parmesan cheese (optional),parmesan,parmesan
555,555,spaghetti,spaghetti,spaghetti
556,556,extra minced parsley,parsley,parsley
557,557,extra parmesan cheese,parmesan,parmesan
558,558,frozen strawberries,strawberries,strawberries
559,559,milk (any variety),milk,milk
560,560,strawberry jam,strawberry,strawberry
561,561,leftover spaghetti sauce,spaghetti,spaghetti
562,562,thick slices of garlic bread (either storebought or homemade),garlic bread,garlic bread
563,563,mozzarella cheese slices,mozzarella,mozzarella
564,564,minced fresh parsley,parsley,parsley
565,565,kosher salt,salt,salt
566,566,kirby cucumbers or other small cucumbers,kirby cucumbers or other small cucumbers,kirby cucumbers or other small cucumbers
567,567,jalapeños,jalapeños,jalapeos
568,568,apple cider vinegar,vinegar,vinegar
569,569,sugar,sugar,sugar
570,570,ground turmeric,turmeric,turmeric
571,571,yellow mustard seeds,mustard seeds,mustard seeds
572,572,celery seeds,celery seeds,celery seeds
573,573,sticks) butter,butter,butter
574,574,sugar,sugar,sugar
575,575,eggs,eggs,eggs
576,576,tb. lemon juice,lemon juice,lemon juice
577,577,zest of lemon,lemon,lemon
578,578,½ all-purpose flour,all-purpose flour,all-purpose flour
579,579,tsp. baking soda,soda,soda
580,580,tsp. salt,salt,salt
581,581,oz. plain or vanilla,vanilla,vanilla
582,582,oz. fresh strawberries,strawberries,strawberries
583,583,powdered sugar,sugar,sugar
584,584,rolled oats (not quick oats),rolled oats (not quick oats),rolled oats
585,585,butter,butter,butter
586,586,vegetable or canola oil,canola oil,canola oil
587,587,salt,salt,salt
588,588,brown sugar,brown sugar,brown sugar
589,589,honey,honey,honey
590,590,apple juice,apple juice,apple juice
591,591,molasses,molasses,molasses
592,592,vanilla extract,vanilla,vanilla
593,593,rice krispies,rice krispies,rice krispies
594,594,wheat germ,wheat germ,wheat germ
595,595,finely chopped pecans,finely chopped pecans,finely chopped pecans
596,596,roughly chopped almonds,almonds,almonds
597,597,ounces,ounces,ounces
598,598,sprigs thyme,thyme,thyme
599,599,garlic,garlic,garlic
600,600,bay leaves,bay leaves,bay leaves
601,601,wide strips lemon zest (removed with a vegetable peeler),lemon,lemon
602,602,fresh lemon juice,lemon juice,lemon juice
603,603,kosher salt,salt,salt
604,604,honey,honey,honey
605,605,black peppercorns,black peppercorns,black peppercorns
606,606,#NAME?,#NAME?,ounce skinless
607,607,ground beef,beef,beef
608,608,italian sausage ( a little more is fine!),sausage,sausage
609,609,italian seasoning,italian seasoning,italian seasoning
610,610,slices mozzarella or provolone cheese,mozzarella,mozzarella
611,611,pepperoni slices,pepperoni slices,pepperoni slices
612,612,jarred marinara sauce,marinara,marinara
613,613,grated parmesan cheese,parmesan,parmesan
614,614,kaiser rolls or good hamburger buns,hamburger buns,hamburger buns
615,615,eggs,eggs,eggs
616,616,plain greek yogurt,yogurt,yogurt
617,617,tb. mayonnaise,mayonnaise,mayonnaise
618,618,tb. harissa (middle eastern chile sauce),harissa,harissa
619,619,tsp. honey,honey,honey
620,620,tsp. dijon mustard,dijon mustard,dijon mustard
621,621,athens mini fillo shells,athens mini fillo shells,athens mini fillo shells
622,622,tsp. ground sumac (or paprika),paprika,paprika
623,623,tb. fresh mint,mint,mint
624,624,tb. capers,tb. capers,tb. capers
625,625,garlic clove,garlic,garlic
626,626,mayonnaise,mayonnaise,mayonnaise
627,627,louisiana-style hot pepper sauce,hot pepper sauce,hot pepper sauce
628,628,small red onion,red onion,red onion
629,629,jalapeño,jalapeño,jalapeo
630,630,thinly sliced cabbage,cabbage,cabbage
631,631,slices,slices,slices
632,632,all-purpose flour,all-purpose flour,all-purpose flour
633,633,ground black pepper,black pepper,black pepper
634,634,kosher salt plus more,salt,salt
635,635,buttermilk,buttermilk,buttermilk
636,636,#NAME?,#NAME?,ounce skinless
637,637,peanut or vegetable oil (for frying),vegetable oil,vegetable oil
638,638,white sandwich rolls,sandwich,sandwich
639,639,unsalted butter,butter,butter
640,640,a deep-fry thermometer,a deep-fry thermometer,a deep-fry thermometer
641,641,salted butter,butter,butter
642,642,ounces,ounces,ounces
643,643,salt,salt,salt
644,644,nutella,nutella,nutella
645,645,rice krispies,rice krispies,rice krispies
646,646,miniature marshmallows,marshmallows,marshmallows
647,647,pecans,pecans,pecans
648,648,ounces,ounces,ounces
649,649,for the pajun (pajeon),for the pajun (pajeon),for the pajun
650,650,all-purpose flour,all-purpose flour,all-purpose flour
651,651,water,water,water
652,652,large egg,egg,egg
653,653,tsp. sea salt,salt,salt
654,654,frozen hash browns,frozen hash browns,frozen hash browns
655,655,shredded carrots,carrots,carrots
656,656,red bell pepper,bell pepper,bell pepper
657,657,small zucchini,small zucchini,small zucchini
658,658,green onions,onions,onions
659,659,pepper to taste,pepper,pepper
660,660,vegetable oil for cooking,vegetable oil,vegetable oil
661,661,for the dipping sauce,sauce,sauce
662,662,low-sodium soy sauce,soy sauce,soy sauce
663,663,water,water,water
664,664,tb. rice vinegar,vinegar,vinegar
665,665,tb. sugar,sugar,sugar
666,666,tb. sesame oil,sesame oil,sesame oil
667,667,minced garlic,garlic,garlic
668,668,tsp. sesame seeds,sesame seeds,sesame seeds
669,669,tsp. crushed red pepper,red pepper,red pepper
670,670,butter,butter,butter
671,671,garlic,garlic,garlic
672,672,bags baby spinach,spinach,spinach
673,673,artichoke hearts,artichoke,artichoke
674,674,flour,flour,flour
675,675,milk,milk,milk
676,676,cayenne pepper,cayenne pepper,cayenne pepper
677,677,salt and pepper,pepper,pepper
678,678,grated parmesan cheese,parmesan,parmesan
679,679,mozzarella or monterey jack cheese,monterey jack,monterey jack
680,680,low sodium chicken broth (less or more),chicken,chicken
681,681,ounces,ounces,ounces
682,682,seasoned panko breadcrumbs,breadcrumbs,breadcrumbs
683,683,crushed red pepper,red pepper,red pepper
684,684,fresh basil leaves,basil,basil
685,685,grated parmesan cheese,parmesan,parmesan
686,686,pine nuts,pine nuts,pine nuts
687,687,garlic,garlic,garlic
688,688,salt and pepper,pepper,pepper
689,689,extra virgin olive oil,olive oil,olive oil
690,690,heavy cream,cream,cream
691,691,butter,butter,butter
692,692,grated parmesan (additional),parmesan,parmesan
693,693,ounces,ounces,ounces
694,694,tomatoes,tomatoes,tomatoes
695,695,hot water,water,water
696,696,packet dry active yeast,yeast,yeast
697,697,tsp. honey,honey,honey
698,698,cold water,water,water
699,699,tb. olive oil + extra for the bowl and pan,olive oil,olive oil
700,700,tsp. celtic sea salt,salt,salt
701,701,tb. roasted garlic,garlic,garlic
702,702,all-purpose flour,all-purpose flour,all-purpose flour
703,703,pitted kalamata olives,kalamata olives,kalamata olives
704,704,salt and pepper,pepper,pepper
705,705,(packed) light brown sugar,brown sugar,brown sugar
706,706,golden raisins,raisins,raisins
707,707,red wine vinegar,red wine vinegar,red wine vinegar
708,708,finely chopped crystallized ginger,ginger,ginger
709,709,drained capers,drained capers,drained capers
710,710,of crushed red pepper flakes,red pepper,red pepper
711,711,of freshly ground black pepper,black pepper,black pepper
712,712,rhubarb,rhubarb,rhubarb
713,713,unsalted butter,butter,butter
714,714,sugar,sugar,sugar
715,715,pure vanilla extract,vanilla,vanilla
716,716,crushed potato chips,potato,potato
717,717,all-purpose flour,all-purpose flour,all-purpose flour
718,718,oz. chopped chocolate,chocolate,chocolate
719,719,garlic,garlic,garlic
720,720,medium onion,onion,onion
721,721,ounce) cans great norther beans,ounce) cans great norther beans,cans great norther beans
722,722,olive oil,olive oil,olive oil
723,723,red pepper flakes,red pepper,red pepper
724,724,dried oregano,oregano,oregano
725,725,tomato paste,tomato,tomato
726,726,dry white wine,white wine,white wine
727,727,ounces) or diced tomatoes,tomatoes,tomatoes
728,728,low sodium chicken broth,chicken,chicken
729,729,kale (more if desired),kale (more if desired),kale
730,730,plenty of torn fresh basil,basil,basil
731,731,butter,butter,butter
732,732,raw shrimp,raw shrimp,raw shrimp
733,733,chopped fresh parsley,parsley,parsley
734,734,fresh parmesan shavings,parmesan,parmesan
735,735,sweet potatoes (about pounds),potatoes,potatoes
736,736,vegetable oil,vegetable oil,vegetable oil
737,737,kosher salt,salt,salt
738,738,mayonnaise,mayonnaise,mayonnaise
739,739,finely grated lime zest,lime,lime
740,740,fresh lime juice,lime juice,lime juice
741,741,chopped fresh cilantro (for serving),chopped fresh cilantro (for serving),chopped fresh cilantro
742,742,everything bagels,bagels,bagels
743,743,butter,butter,butter
744,744,ounces,ounces,ounces
745,745,pesto (basil or sun-dried tomato),sun-dried tomato,sun-dried tomato
746,746,ground turkey,turkey,turkey
747,747,kosher salt (more to taste),salt,salt
748,748,plenty of black pepper,black pepper,black pepper
749,749,worcestershire sauce,worcestershire sauce,worcestershire sauce
750,750,hot sauce (more to taste),sauce,sauce
751,751,egg yolk (optional),egg,egg
752,752,canola oil,canola oil,canola oil
753,753,butter,butter,butter
754,754,roma tomatoes,tomatoes,tomatoes
755,755,avocados,avocados,avocados
756,756,large basil leaves,basil,basil
757,757,yukon gold potatoes ),potatoes,potatoes
758,758,kosher salt plus more,salt,salt
759,759,olive oil,olive oil,olive oil
760,760,medium onion,onion,onion
761,761,large eggs,eggs,eggs
762,762,russet potatoes,potatoes,potatoes
763,763,vegetable or peanut oil for frying,peanut,peanut
764,764,sea salt,salt,salt
765,765,#NAME?,green,green
766,766,oz. of large pearl tapioca,tapioca,tapioca
767,767,gummy worms,gummy worms,gummy worms
768,768,plastic or candy spiders (if plastic,candy,candy
769,769,olive oil,olive oil,olive oil
770,770,brown mustard seeds,mustard seeds,mustard seeds
771,771,large shallots,shallots,shallots
772,772,kosher salt,salt,salt
773,773,brussels sprouts,brussels sprouts,brussels sprouts
774,774,fresh lemon juice,lemon juice,lemon juice
775,775,walnuts,walnuts,walnuts
776,776,ounces,ounces,ounces
777,777,apples,apples,apples
778,778,pecan halves,pecan,pecan
779,779,dried cherries,cherries,cherries
780,780,ounces,ounces,ounces
781,781,(heaping) dijon mustard,dijon mustard,dijon mustard
782,782,maple syrup (more to taste),maple syrup,maple syrup
783,783,apple cider vinegar (more to taste),vinegar,vinegar
784,784,olive oil,olive oil,olive oil
785,785,salt and pepper,pepper,pepper
786,786,soba (japanese-style) noodles,noodles,noodles
787,787,kosher salt,salt,salt
788,788,vegetable oil,vegetable oil,vegetable oil
789,789,scallions,scallions,scallions
790,790,jalapeño,jalapeño,jalapeo
791,791,""" piece of ginger",ginger,ginger
792,792,manila clams,clams,clams
793,793,dry sake,sake,sake
794,794,soba noodles are available at asian markets and in the asian foods section of most supermarkets.,noodles,noodles
795,795,lb. turkey,turkey,turkey
796,796,cooking oil,oil,oil
797,797,bottle butterball garlic and herb turkey marinade,turkey,turkey
798,798,butterball garlic and herb turkey seasoning,turkey,turkey
799,799,large scallops,scallops,scallops
800,800,bacon,bacon,bacon
801,801,butter,butter,butter
802,802,chili powder,chili powder,chili powder
803,803,of cayenne,of cayenne,cayenne
804,804,finely chopped fresh cilantro,finely chopped fresh cilantro,finely chopped fresh cilantro
805,805,olive oil,olive oil,olive oil
806,806,ground cumin,cumin,cumin
807,807,paprika,paprika,paprika
808,808,kosher salt,salt,salt
809,809,juice of lime,juice,juice
810,810,small garlic clove,garlic,garlic
811,811,#NAME?,#NAME?,oz. mahi-mahi fillets
812,812,large crisp apples,apples,apples
813,813,belgian endive,endive,endive
814,814,scallion,scallion,scallion
815,815,dried cherries,cherries,cherries
816,816,pomegranate arils,pomegranate,pomegranate
817,817,toasted pecan pieces,pecan,pecan
818,818,chopped crystallized ginger,ginger,ginger
819,819,light mayonnaise,mayonnaise,mayonnaise
820,820,meyer lemon,lemon,lemon
821,821,tsp. honey,honey,honey
822,822,tb. fresh thyme leaves,thyme,thyme
823,823,salt and pepper,pepper,pepper
824,824,lettuce or cabbage leaves to serve,cabbage,cabbage
825,825,shortening (may substitute butter),butter,butter
826,826,sugar,sugar,sugar
827,827,orange zest,orange,orange
828,828,vanilla,vanilla,vanilla
829,829,eggs,eggs,eggs
830,830,milk,milk,milk
831,831,all-purpose flour,all-purpose flour,all-purpose flour
832,832,baking powder,baking powder,baking powder
833,833,salt,salt,salt
834,834,jars each) marshmallow creme,marshmallow,marshmallow
835,835,each) cream cheese,cheese,cheese
836,836,peaches,peaches,peaches
837,837,kiwi fruit,kiwi fruit,kiwi fruit
838,838,blueberries,blueberries,blueberries
839,839,pears,pears,pears
840,840,raspberries,raspberries,raspberries
841,841,other fruit optional,fruit,fruit
842,842,black rice (preferably lotus foods forbidden rice),rice,rice
843,843,kosher salt,salt,salt
844,844,chopped dried apricots (preferably california apricots),apricots,apricots
845,845,chopped toasted almonds,almonds,almonds
846,846,200ml fl mayonnaise,mayonnaise,mayonnaise
847,847,capers,capers,capers
848,848,gherkins,gherkins,gherkins
849,849,small shallot,shallot,shallot
850,850,squeeze of lemon juice,lemon juice,lemon juice
851,851,chopped fresh parsley,parsley,parsley
852,852,flaked sea salt and freshly ground black pepper,black pepper,black pepper
853,853,baguette,baguette,baguette
854,854,oz. brie,brie,brie
855,855,golden raisins,raisins,raisins
856,856,(about cup) toasted pine nuts,pine nuts,pine nuts
857,857,basil,basil,basil
858,858,zest of lemon,lemon,lemon
859,859,salt and pepper,pepper,pepper
860,860,small shallot,shallot,shallot
861,861,anchovy fillet packed in oil,anchovy,anchovy
862,862,olive oil,olive oil,olive oil
863,863,sherry vinegar,vinegar,vinegar
864,864,dijon mustard,dijon mustard,dijon mustard
865,865,kosher salt,salt,salt
866,866,of freshly ground black pepper,black pepper,black pepper
867,867,head escarole,head escarole,head escarole
868,868,chopped toasted almonds,almonds,almonds
869,869,eggs,eggs,eggs
870,870,and half (or milk,milk,milk
871,871,salt and pepper,pepper,pepper
872,872,minced fresh oregano (or parsley,parsley,parsley
873,873,crusty french or italian bread,bread,bread
874,874,breakfast sausage patties,sausage,sausage
875,875,(large) regular kale,(large) regular kale,regular kale
876,876,olive oil,olive oil,olive oil
877,877,ounces,ounces,ounces
878,878,grated monterey jack cheese,monterey jack,monterey jack
879,879,oranges,oranges,oranges
880,880,100g ½oz raisins,raisins,raisins
881,881,a lemon,lemon,lemon
882,882,200g unsalted butter,butter,butter
883,883,100g ½oz golden syrup,golden syrup,golden syrup
884,884,100g ½oz soft brown sugar,brown sugar,brown sugar
885,885,rum,rum,rum
886,886,250g jumbo oats,250g jumbo oats,250g jumbo oats
887,887,100g ½oz plain flour,flour,flour
888,888,100g ½oz pine nuts,pine nuts,pine nuts
889,889,olive oil,olive oil,olive oil
890,890,medium carrots,carrots,carrots
891,891,medium celery root,celery,celery
892,892,medium onion,onion,onion
893,893,kosher salt plus more for seasoning,salt,salt
894,894,french green lentils,lentils,lentils
895,895,#NAME?,salmon,salmon
896,896,kosher salt,salt,salt
897,897,olive oil,olive oil,olive oil
898,898,french green lentils are available at specialty foods stores and some supermarkets.,lentils,lentils
899,899,80g ¾oz fresh coriander,coriander,coriander
900,900,20g/¾oz fresh mint,mint,mint
901,901,garlic,garlic,garlic
902,902,cm in piece fresh ginger,ginger,ginger
903,903,small onion,onion,onion
904,904,green chillies,chillies,chillies
905,905,raw pistachio,pistachio,pistachio
906,906,lemon juice,lemon juice,lemon juice
907,907,,,nan
908,908,water,water,water
909,909,canola oil,canola oil,canola oil
910,910,butter,butter,butter
911,911,stew meat or diced chuck roast,meat,meat
912,912,ounces) chipotle peppers in adobo sauce,chipotle,chipotle
913,913,low-sodium beef broth,beef,beef
914,914,minced garlic,garlic,garlic
915,915,cumin,cumin,cumin
916,916,chili powder,chili powder,chili powder
917,917,onion,onion,onion
918,918,red bell pepper,bell pepper,bell pepper
919,919,chilies (any variety,chilies (any variety,chilies
920,920,stone ground grits,stone ground grits,stone ground grits
921,921,low sodium chicken (or beef) broth,chicken,chicken
922,922,water,water,water
923,923,half-and-half,half-and-half,half-and-half
924,924,grated cheddar cheese,cheddar cheese,cheddar cheese
925,925,garlic clove,garlic,garlic
926,926,tahini (sesame seed paste),tahini (sesame seed paste),tahini
927,927,fresh lemon juice,lemon juice,lemon juice
928,928,kosher salt,salt,salt
929,929,smoked paprika,paprika,paprika
930,930,tomatoes,tomatoes,tomatoes
931,931,medium onions,onions,onions
932,932,garlic,garlic,garlic
933,933,225ml fl olive oil,olive oil,olive oil
934,934,large bouquet garni,large bouquet garni,large bouquet garni
935,935,star anise,anise,anise
936,936,,,nan
937,937,tomato ketchup,tomato ketchup,tomato ketchup
938,938,heaped coriander seeds,coriander seeds,coriander seeds
939,939,saffron,saffron,saffron
940,940,few drops worcestershire sauce,worcestershire sauce,worcestershire sauce
941,941,55ml fl sherry vinegar,vinegar,vinegar
942,942,a little finely grated lemon,lemon,lemon
943,943,oz. red candy melts,candy,candy
944,944,pink candy melts,candy,candy
945,945,tsp. strawberry or cherry extract,strawberry,strawberry
946,946,oz. good chocolate,chocolate,chocolate
947,947,salted cashews,salted cashews,salted cashews
948,948,dried cherries,cherries,cherries
949,949,valentine sprinkles,valentine sprinkles,valentine sprinkles
950,950,75ml fl double cream,double cream,double cream
951,951,75ml fl milk,milk,milk
952,952,free-range egg yolks,egg,egg
953,953,25g caster sugar,caster sugar,caster sugar
954,954,250g ready-made puff pastry,puff pastry,puff pastry
955,955,250g strawberries,strawberries,strawberries
956,956,free-range egg,egg,egg
957,957,65g ½oz caster sugar,caster sugar,caster sugar
958,958,400g strawberries,strawberries,strawberries
959,959,orange,orange,orange
960,960,200ml fl whipping cream,cream,cream
961,961,50g ½oz caster sugar,caster sugar,caster sugar
962,962,110ml fl chartreuse,110ml fl chartreuse,110ml fl chartreuse
963,963,ounces,ounces,ounces
964,964,olive oil,olive oil,olive oil
965,965,butter,butter,butter
966,966,medium onion,onion,onion
967,967,panko breadcrumbs,breadcrumbs,breadcrumbs
968,968,salt and black pepper to taste,black pepper,black pepper
969,969,ounces,ounces,ounces
970,970,sour cream,sour cream,sour cream
971,971,grated sharp cheddar cheese,cheddar cheese,cheddar cheese
972,972,grated monterey jack or farmer's cheese,monterey jack,monterey jack
973,973,(small) chopped spinach,spinach,spinach
974,974,hot sauce (i used choulula),sauce,sauce
